,Rank,Author,Title,Citations,Year,Publisher,Venue,Source,cit/year
0,400,Géron,"Hands-on machine learning with Scikit-Learn, Keras, and TensorFlow",5416,2022, books.google.com,,https://books.google.com/books?hl=en&lr=&id=X5ySEAAAQBAJ&oi=fnd&pg=PT10&dq=(gan+OR+adversarial+OR+(generative+and+adversarial+and+net*))+AND+(%27tabular+data%27+OR+%27table+data%27)&ots=yB3yog37AO&sig=Cee_EXyrhiXlkp429YpzUqIQ0Qk,5416
1,247,"Karras, S Laine, T Aila",A style-based generator architecture for generative adversarial networks,5423,2019, openaccess.thecvf.com, … of the IEEE/CVF conference on …,http://openaccess.thecvf.com/content_CVPR_2019/html/Karras_A_Style-Based_Generator_Architecture_for_Generative_Adversarial_Networks_CVPR_2019_paper.html,1356
3,76,"Zhang, M Cisse, YN Dauphin…",mixup: Beyond empirical risk minimization,4960,2017, arxiv.org, arXiv preprint arXiv …,https://arxiv.org/abs/1710.09412,827
8,791,"Raschka, V Mirjalili","Python machine learning: Machine learning and deep learning with Python, scikit-learn, and TensorFlow 2",977,2019, books.google.com,,https://books.google.com/books?hl=en&lr=&id=sKXIDwAAQBAJ&oi=fnd&pg=PP1&dq=(gan+OR+adversarial+OR+(generative+and+adversarial+and+net*))+AND+(%27tabular+data%27+OR+%27table+data%27)&ots=V9IplRUKEo&sig=HLs4Op09pSowU9M0Z1OMvuRKj2E,244
9,370,"Melis, C Song, E De Cristofaro…",Exploiting unintended feature leakage in collaborative learning,861,2019, ieeexplore.ieee.org, 2019 IEEE symposium …,https://ieeexplore.ieee.org/abstract/document/8835269/,215
10,556,"Howard, S Gugger",Fastai: a layered API for deep learning,525,2020, mdpi.com, Information,https://www.mdpi.com/2078-2489/11/2/108,175
11,851," Arik, T Pfister",Tabnet: Attentive interpretable tabular learning,325,2021, ojs.aaai.org, Proceedings of the AAAI Conference on Artificial …,https://ojs.aaai.org/index.php/AAAI/article/view/16826,162
12,977,"Kobyzev, SJD Prince…",Normalizing flows: An introduction and review of current methods,487,2020, ieeexplore.ieee.org, IEEE transactions on …,https://ieeexplore.ieee.org/abstract/document/9089305/,162
13,423,"Zhang, VM Patel",Densely connected pyramid dehazing network,732,2018, openaccess.thecvf.com, … of the IEEE conference on computer …,http://openaccess.thecvf.com/content_cvpr_2018/html/Zhang_Densely_Connected_Pyramid_CVPR_2018_paper.html,146
14,265,"Sinha, H Namkoong, R Volpi, J Duchi",Certifying some distributional robustness with principled adversarial training,780,2017, arxiv.org, arXiv preprint arXiv:1710.10571,https://arxiv.org/abs/1710.10571,130
15,884,"Roh, G Heo, SE Whang",A survey on data collection for machine learning: a big data-ai integration perspective,502,2019, ieeexplore.ieee.org, … on Knowledge and Data …,https://ieeexplore.ieee.org/abstract/document/8862913/,126
16,830,"Wang, Z Lei, X Zhang, B Zhou, J Peng",A review of deep learning for renewable energy forecasting,468,2019, Elsevier, Energy Conversion and …,https://www.sciencedirect.com/science/article/pii/S0196890419307812,117
17,889,"Bhatt, A Xiang, S Sharma, A Weller, A Taly…",Explainable machine learning in deployment,336,2020, dl.acm.org, Proceedings of the …,https://dl.acm.org/doi/abs/10.1145/3351095.3375624,112
19,446,"Pinto, J Davidson, R Sukthankar…",Robust adversarial reinforcement learning,608,2017, proceedings.mlr.press, … on Machine Learning,http://proceedings.mlr.press/v70/pinto17a.html,101
20,99,"Grathwohl, RTQ Chen, J Bettencourt…",Ffjord: Free-form continuous dynamics for scalable reversible generative models,501,2018, arxiv.org, arXiv preprint arXiv …,https://arxiv.org/abs/1810.01367,100
21,741," Sindagi, VM Patel",Generating high-quality crowd density maps using contextual pyramid cnns,592,2017, openaccess.thecvf.com, Proceedings of the IEEE …,http://openaccess.thecvf.com/content_iccv_2017/html/Sindagi_Generating_High-Quality_Crowd_ICCV_2017_paper.html,99
22,694,"Fu, K Luo, S Levine",Learning robust rewards with adversarial inverse reinforcement learning,586,2017, arxiv.org, arXiv preprint arXiv:1710.11248,https://arxiv.org/abs/1710.11248,98
24,2,"Xu, M Skoularidou, A Cuest",Modeling tabular data using conditional gan,374,2019, proceedings.neurips.cc, Advances in …,https://proceedings.neurips.cc/paper/2019/hash/254ed7d2de3b23ab10936522dd547b78-Abstract.html,94
25,196,"Perera, R Nallapati, B Xiang",Ocgan: One-class novelty detection using gans with constrained latent representations,339,2019, openaccess.thecvf.com, Proceedings of the IEEE …,http://openaccess.thecvf.com/content_CVPR_2019/html/Perera_OCGAN_One-Class_Novelty_Detection_Using_GANs_With_Constrained_Latent_Representations_CVPR_2019_paper.html,85
28,101,"Sinha, S Ebrahimi, T Darrell",Variational adversarial active learning,301,2019, openaccess.thecvf.com, Proceedings of the IEEE …,http://openaccess.thecvf.com/content_ICCV_2019/html/Sinha_Variational_Adversarial_Active_Learning_ICCV_2019_paper.html,75
29,642, Sarker,"Deep learning: a comprehensive overview on techniques, taxonomy, applications and research directions",149,2021, Springer, SN Computer Science,https://link.springer.com/article/10.1007/s42979-021-00815-1,74
30,831,"Zhang, H Li, Y Li, H Liu, Y Chen, X Ding",Application of deep learning algorithms in geotechnical engineering: a short critical review,138,2021, Springer, Artificial Intelligence Review,https://link.springer.com/article/10.1007/s10462-021-09967-1,69
31,618,"Raschka, J Patterson, C Nolet","Machine learning in python: Main developments and technology trends in data science, machine learning, and artificial intelligence",199,2020, mdpi.com, Information,https://www.mdpi.com/2078-2489/11/4/193?utm_source=rss&utm_medium=rss,66
32,885,"Liu, M Ding, S Shaham, W Rahayu…",When machine learning meets privacy: A survey and outlook,129,2021, dl.acm.org, ACM Computing …,https://dl.acm.org/doi/abs/10.1145/3436755,64
33,925,"Qi, G Chen, Y Li, X Cheng, C Li","Applying neural-network-based machine learning to additive manufacturing: current applications, challenges, and future perspectives",239,2019, Elsevier, Engineering,https://www.sciencedirect.com/science/article/pii/S2095809918307732,60
34,8," Nicolae, M Sinn, MN Tran, B Buesser…",Adversarial Robustness Toolbox v1. 0.0,269,2018, arxiv.org, arXiv preprint arXiv …,https://arxiv.org/abs/1807.01069,54
36,35,"Zenati, M Romain, CS Foo, B Lecouat…",Adversarially learned anomaly detection,259,2018, ieeexplore.ieee.org, … conference on data …,https://ieeexplore.ieee.org/abstract/document/8594897/,52
39,102,"He, AS Rakin, D Fan",Parametric noise injection: Trainable randomness to improve deep neural network robustness against adversarial attack,192,2019, openaccess.thecvf.com, … of the IEEE/CVF Conference on …,http://openaccess.thecvf.com/content_CVPR_2019/html/He_Parametric_Noise_Injection_Trainable_Randomness_to_Improve_Deep_Neural_Network_CVPR_2019_paper.html,48
40,907," Kundu, N Venkat, RV Babu",Universal source-free domain adaptation,132,2020, openaccess.thecvf.com, Proceedings of the IEEE …,http://openaccess.thecvf.com/content_CVPR_2020/html/Kundu_Universal_Source-Free_Domain_Adaptation_CVPR_2020_paper.html,44
41,794,Foster,"Generative deep learning: teaching machines to paint, write, compose, and play",171,2019, books.google.com,,https://books.google.com/books?hl=en&lr=&id=RKegDwAAQBAJ&oi=fnd&pg=PP1&dq=(gan+OR+adversarial+OR+(generative+and+adversarial+and+net*))+AND+(%27tabular+data%27+OR+%27table+data%27)&ots=bqK7-HPqy6&sig=yg_Gik2NyvPx8nv5tG76bXCq-08,43
43,106,"Borisov, T Leemann, K Seßler, J Haug…",Deep neural networks and tabular data: A survey,74,2021, arxiv.org, arXiv preprint arXiv …,https://arxiv.org/abs/2110.01889,37
44,24,"Engelmann, S Lessmann",Conditional Wasserstein GAN-based oversampling of tabular data for imbalanced learning,67,2021, Elsevier, Expert Systems with Applications,https://www.sciencedirect.com/science/article/pii/S0957417421000233,34
45,688,"Booyse, DN Wilke, S Heyns","Deep digital twins for detection, diagnostics and prognostics",98,2020, Elsevier, Mechanical Systems and Signal …,https://www.sciencedirect.com/science/article/pii/S0888327019308337,33
46,903,"Ji, S Pan, X Li, E Cambria, G Long…",Suicidal ideation detection: A review of machine learning methods and applications,100,2020, ieeexplore.ieee.org, IEEE Transactions on …,https://ieeexplore.ieee.org/abstract/document/9199553/,33
47,200," Mudrakarta, A Taly, M Sundararajan…",Did the model understand the question?,166,2018, arxiv.org, arXiv preprint arXiv …,https://arxiv.org/abs/1805.05492,33
48,12,"Mao, H Wang, BF Spencer Jr",Toward data anomaly detection for automated structural health monitoring: Exploiting generative adversarial nets and autoencoders,65,2021, journals.sagepub.com, Structural Health Monitoring,https://journals.sagepub.com/doi/abs/10.1177/1475921720924601,32
49,62," Mullick, S Datta, S Das",Generative adversarial minority oversampling,125,2019, openaccess.thecvf.com, Proceedings of the IEEE/CVF …,http://openaccess.thecvf.com/content_ICCV_2019/html/Mullick_Generative_Adversarial_Minority_Oversampling_ICCV_2019_paper.html,31
50,127,"Gao, H Xue, W Shao, S Zhao, KK Qin…",Generative adversarial networks for spatio-temporal data: A survey,31,2022, dl.acm.org, ACM Transactions on …,https://dl.acm.org/doi/abs/10.1145/3474838,31
51,83,"Geiger, D Liu, S Alnegheimish…",TadGAN: Time series anomaly detection using generative adversarial networks,91,2020, ieeexplore.ieee.org, … Big Data (Big Data),https://ieeexplore.ieee.org/abstract/document/9378139/,30
53,135,"Hu, Y Fang, C Shi",Adversarial learning on heterogeneous information networks,117,2019, dl.acm.org, … Conference on Knowledge Discovery & Data …,https://dl.acm.org/doi/abs/10.1145/3292500.3330970,29
54,551,"Alaa, B Van Breugel, ES Saveliev…",How faithful is your synthetic data? sample-level metrics for evaluating and auditing generative models,29,2022, proceedings.mlr.press, International …,https://proceedings.mlr.press/v162/alaa22a.html,29
55,876,"Liang, S Li, C Yan, M Li, C Jiang",Explaining the black-box model: A survey of local interpretation methods for deep neural networks,55,2021, Elsevier, Neurocomputing,https://www.sciencedirect.com/science/article/pii/S0925231220312716,28
56,290,"Stadler, B Oprisanu, C Troncoso",Synthetic data–anonymisation groundhog day,28,2022, usenix.org, 31st USENIX Security Symposium …,https://www.usenix.org/conference/usenixsecurity22/presentation/stadler,28
57,107,"Abdelwahab, C Busso",Domain adversarial for acoustic emotion recognition,134,2018, ieeexplore.ieee.org, IEEE/ACM Transactions on Audio …,https://ieeexplore.ieee.org/abstract/document/8445653/,27
58,121,"Martins, JM Cruz, T Cruz, PH Abreu",Adversarial machine learning applied to intrusion and malware scenarios: a systematic review,82,2020, ieeexplore.ieee.org, IEEE Access,https://ieeexplore.ieee.org/abstract/document/9001114/,27
59,451,"Goyal, A Raghunathan, M Jain…",DROCC: Deep robust one-class classification,81,2020, proceedings.mlr.press, International …,https://proceedings.mlr.press/v119/goyal20c.html,27
60,248,"Madani, JR Ong, A Tibrewal, MRK Mofrad",Deep echocardiography: data-efficient supervised and semi-supervised deep learning towards automated diagnosis of cardiac disease,135,2018, nature.com, NPJ digital medicine,https://www.nature.com/articles/s41746-018-0065-x?ref=https://githubhelp.com,27
62,1,"Xu, K Veeramachaneni",Synthesizing tabular data using generative adversarial networks,129,2018, arxiv.org, arXiv preprint arXiv:1811.11264,https://arxiv.org/abs/1811.11264,26
63,539,"Torfi, EA Fox, CK Reddy",Differentially private synthetic medical data generation using convolutional gans,25,2022, Elsevier, Information Sciences,https://www.sciencedirect.com/science/article/pii/S0020025521012391,25
64,86,"Sampath, I Maurtua, JJ Aguilar Martín, A Gutierrez",A survey on generative adversarial networks for imbalance problems in computer vision tasks,49,2021, Springer, Journal of big Data,https://link.springer.com/article/10.1186/s40537-021-00414-0,24
65,544,"Oza, VM Patel",One-class convolutional neural network,113,2018, ieeexplore.ieee.org, IEEE Signal Processing Letters,https://ieeexplore.ieee.org/abstract/document/8586962/,23
66,460," Baowaly, CC Lin, CL Liu…",Synthesizing electronic health records using improved generative adversarial networks,88,2019, academic.oup.com, Journal of the American …,https://academic.oup.com/jamia/article-abstract/26/3/228/5235390,22
67,351,"Chen, H Zhang, D Boning…",Robust decision trees against adversarial examples,88,2019, proceedings.mlr.press, … Conference on Machine …,http://proceedings.mlr.press/v97/chen19m.html?ref=https://githubhelp.com,22
68,452,"Goel, R Murugan, S Mirjalili, DK Chakrabartty",Automatic screening of covid-19 using an optimized generative adversarial network,43,2021, Springer, Cognitive computation,https://link.springer.com/article/10.1007/s12559-020-09785-7,22
69,707,"Weber, X Xu, B Karlaš, C Zhang, B Li",Rab: Provable robustness against backdoor attacks,62,2020, arxiv.org, arXiv preprint arXiv:2003.08904,https://arxiv.org/abs/2003.08904,21
70,89,"Quadrianto, V Sharmanska…",Discovering fair representations in the data domain,85,2019, openaccess.thecvf.com, Proceedings of the …,http://openaccess.thecvf.com/content_CVPR_2019/html/Quadrianto_Discovering_Fair_Representations_in_the_Data_Domain_CVPR_2019_paper.html,21
71,957,"Kostrikov, O Nachum, J Tompson",Imitation learning via off-policy distribution matching,82,2019, arxiv.org, arXiv preprint arXiv:1912.05032,https://arxiv.org/abs/1912.05032,20
72,927,"Jagielski, G Severi, N Pousette Harger…",Subpopulation data poisoning attacks,39,2021, dl.acm.org, Proceedings of the 2021 …,https://dl.acm.org/doi/abs/10.1145/3460120.3485368,20
73,159,"Wang, Y Du, S Lin, P Cui, Y Shen, Y Yang",adVAE: A self-adversarial variational autoencoder with Gaussian anomaly prior knowledge for anomaly detection,60,2020, Elsevier,Based Systems,https://www.sciencedirect.com/science/article/pii/S0950705119305283,20
74,563,"Regenwetter, AH Nobari…",Deep generative models in engineering design: A review,20,2022, asmedigitalcollection.asme.org, Journal of …,https://asmedigitalcollection.asme.org/mechanicaldesign/article-abstract/144/7/071704/1136676,20
76,773," Kenny, MT Keane",On generating plausible counterfactual and semi-factual explanations for deep learning,38,2021, ojs.aaai.org, Proceedings of the AAAI Conference on …,https://ojs.aaai.org/index.php/AAAI/article/view/17377,19
77,505,"Fernandes, S Raj, E Ortiz, I Vintila…",Predicting heart rate variations of deepfake videos using neural ode,71,2019, openaccess.thecvf.com, Proceedings of the …,http://openaccess.thecvf.com/content_ICCVW_2019/html/CVPM/Fernandes_Predicting_Heart_Rate_Variations_of_Deepfake_Videos_using_Neural_ODE_ICCVW_2019_paper.html,18
78,348,"Tang, B Fan, L Xiao, S Tian, F Zhang, L Zhang…",A new ensemble machine-learning framework for searching sweet spots in shale reservoirs,36,2021, onepetro.org, SPE Journal,https://onepetro.org/SJ/article-abstract/26/01/482/453863,18
79,877,"Spinelli, S Scardapane, A Uncini",Missing data imputation with adversarially-trained graph convolutional networks,54,2020, Elsevier, Neural Networks,https://www.sciencedirect.com/science/article/pii/S0893608020302185,18
80,402,"Izmailov, P Kirichenko, M Finzi…",Semi-supervised learning with normalizing flows,55,2020, proceedings.mlr.press, … on Machine Learning,http://proceedings.mlr.press/v119/izmailov20a.html,18
81,597,"Yi, Z Wang, K Jiang, J Jiang, T Lu…",A progressive fusion generative adversarial network for realistic and consistent video super-resolution,50,2020, ieeexplore.ieee.org, IEEE Transactions on …,https://ieeexplore.ieee.org/abstract/document/9279273/,17
82,208,"Zhang, BS Riggan, S Hu, NJ Short…",Synthesis of high-quality visible faces from polarimetric thermal faces using generative adversarial networks,69,2019, Springer, International Journal of …,https://link.springer.com/article/10.1007/s11263-019-01175-3,17
83,298,"Chernikova, A Oprea",Fence: Feasible evasion attacks on neural networks in constrained environments,17,2022, dl.acm.org, ACM Transactions on Privacy and Security,https://dl.acm.org/doi/abs/10.1145/3544746,17
84,592,"Jati, CC Hsu, M Pal, R Peri, W AbdAlmageed…",Adversarial attack and defense strategies for deep speaker recognition systems,32,2021, Elsevier, Computer Speech & …,https://www.sciencedirect.com/science/article/pii/S0885230821000061,16
85,814,"Gao, W Shao, MS Rahaman, J Zhai, K David…",Transfer learning for thermal comfort prediction in multiple cities,33,2021, Elsevier, Building and …,https://www.sciencedirect.com/science/article/pii/S0360132321001359,16
86,806,"Zhang, T Wang, J Honorio, N Li, M Backes, S He…",Privsyn: Differentially private data synthesis,33,2021, usenix.org,,https://www.usenix.org/system/files/sec21fall-zhang-zhikun.pdf,16
88,362," Assefa, D Dervovic, M Mahfouz, RE Tillman…","Generating synthetic data in finance: opportunities, challenges and pitfalls",45,2020, dl.acm.org, Proceedings of the First …,https://dl.acm.org/doi/abs/10.1145/3383455.3422554,15
90,708," Abawajy, MIH Ninggal…",Privacy preserving social network data publication,107,2016, ieeexplore.ieee.org, … communications surveys & …,https://ieeexplore.ieee.org/abstract/document/7428813/,15
91,638,"Wong, JZ Kolter",Learning perturbation sets for robust machine learning,46,2020, arxiv.org, arXiv preprint arXiv:2007.08450,https://arxiv.org/abs/2007.08450,15
92,311,"Kadra, M Lindauer, F Hutter, J Grabocka",Regularization is all you need: Simple neural nets can excel on tabular data,30,2021, arxiv.org, arXiv preprint arXiv …,https://arxiv.org/abs/2106.11189,15
93,28,"Zhao, A Kunar, R Birke…",Ctab-gan: Effective table data synthesizing,30,2021, proceedings.mlr.press, Asian Conference on …,https://proceedings.mlr.press/v157/zhao21a,15
94,804,"Pal, Y Gupta, A Shukla, A Kanade…",Activethief: Model extraction using active learning and unannotated public data,43,2020, ojs.aaai.org, Proceedings of the …,https://ojs.aaai.org/index.php/AAAI/article/view/5432,14
96,677,"Slack, A Hilgard, H Lakkaraju…",Counterfactual explanations can be manipulated,27,2021, proceedings.neurips.cc, Advances in Neural …,https://proceedings.neurips.cc/paper/2021/hash/009c434cab57de48a31f6b669e7ba266-Abstract.html,14
97,394,"Kadra, M Lindauer, F Hutter…",Well-tuned simple nets excel on tabular datasets,29,2021, proceedings.neurips.cc, Advances in neural …,https://proceedings.neurips.cc/paper/2021/hash/c902b497eb972281fb5b4e206db38ee6-Abstract.html,14
98,433,"Hsu, WK Epting, H Kim, HW Abernathy, GA Hackett…","Microstructure generation via generative adversarial network for heterogeneous, topologically complex 3d materials",28,2021, Springer, JOM,https://link.springer.com/article/10.1007/s11837-020-04484-y,14
100,459,"Jiang, W Xie, Y Li, J Lei, G He…",Semisupervised spectral learning with generative adversarial network for hyperspectral anomaly detection,38,2020, ieeexplore.ieee.org, IEEE Transactions on …,https://ieeexplore.ieee.org/abstract/document/9013035/,13
103,305,Orti,Optimism in the face of adversity: Understanding and improving deep learning through adversarial robustness,26,2021, ieeexplore.ieee.org, Proceedings of the …,https://ieeexplore.ieee.org/abstract/document/9348948/,13
104,227,"Navidan, PF Moshiri, M Nabati, R Shahbazian…",Generative Adversarial Networks (GANs) in networking: A comprehensive survey & evaluation,25,2021, Elsevier, Computer Networks,https://www.sciencedirect.com/science/article/pii/S1389128621002139,12
105,926,"Sinha, AB Dieng",Consistency regularization for variational auto-encoders,23,2021, proceedings.neurips.cc, Advances in Neural Information …,https://proceedings.neurips.cc/paper/2021/hash/6c19e0a6da12dc02239312f151072ddd-Abstract.html,12
106,161,"Huang, Q Li, Y Tai, Z Chen, J Liu, J Shi, W Liu",Time series forecasting for hourly photovoltaic power using conditional generative adversarial network and Bi-LSTM,12,2022, Elsevier, Energy,https://www.sciencedirect.com/science/article/pii/S0360544222003061,12
107,313,Freiesleben,The intriguing relation between counterfactual explanations and adversarial examples,12,2022, Springer, Minds and Machines,https://link.springer.com/article/10.1007/s11023-021-09580-9,12
109,692,"Rastogi, M Hay, G Miklau, D Suciu",Relationship privacy: output perturbation for queries with joins,174,2009, dl.acm.org,eighth …,https://dl.acm.org/doi/abs/10.1145/1559795.1559812,12
111,586,"Yale, S Dash, R Dutta, I Guyon, A Pavao, KP Bennett",Generation and evaluation of privacy preserving synthetic health data,35,2020, Elsevier, Neurocomputing,https://www.sciencedirect.com/science/article/pii/S0925231220305117,12
112,64,"Xiao, YH Tsai, K Sohn, M Chandraker…",Adversarial learning of privacy-preserving and task-oriented representations,37,2020, ojs.aaai.org, Proceedings of the AAAI …,https://ojs.aaai.org/index.php/AAAI/article/view/6930,12
114,893,"Neupane, J Seok",A review on deep learning-based approaches for automatic sonar target recognition,36,2020, mdpi.com, Electronics,https://www.mdpi.com/898344,12
117,197,"Kaur, N Pham, S Fomel",Seismic data interpolation using deep learning with generative adversarial networks,23,2021, earthdoc.org, Geophysical Prospecting,https://www.earthdoc.org/content/journals/10.1111/1365-2478.13055,12
119,192,"Padhi, Y Schiff, I Melnyk, M Rigotti…",Tabular transformers for modeling multivariate time series,23,2021, ieeexplore.ieee.org,2021 …,https://ieeexplore.ieee.org/abstract/document/9414142/,12
120,718,"Duan, C Fu, Y Li, X Song…",Cross-spectral face hallucination via disentangling independent factors,35,2020, openaccess.thecvf.com, Proceedings of the IEEE …,http://openaccess.thecvf.com/content_CVPR_2020/html/Duan_Cross-Spectral_Face_Hallucination_via_Disentangling_Independent_Factors_CVPR_2020_paper.html,12
121,96,"Wu, A Zhang, I Ilyas…",Attention-based learning for missing data imputation in HoloClean,36,2020, proceedings.mlsys.org, Proceedings of Machine …,https://proceedings.mlsys.org/papers/2020/123,12
122,938,"Pfitzner, N Steckhan, B Arnrich",Federated learning in a medical context: a systematic literature review,24,2021, dl.acm.org, ACM Transactions on Internet …,https://dl.acm.org/doi/abs/10.1145/3412357,12
123,841,"Gordon, JM Hernánde",Combining deep generative and discriminative models for Bayesian semi-supervised learning,32,2020, Elsevier, Pattern Recognition,https://www.sciencedirect.com/science/article/pii/S003132031930456X,11
124,308,"Piplai, SSL Chukkapalli…",NAttack! Adversarial Attacks to bypass a GAN based classifier trained to detect Network intrusion,32,2020, ieeexplore.ieee.org, … Intl Conference on Big Data …,https://ieeexplore.ieee.org/abstract/document/9123023/,11
125,895,"Sinha, Z Zhao…",Top-k training of gans: Improving gan performance by throwing away bad samples,32,2020, proceedings.neurips.cc, Advances in …,https://proceedings.neurips.cc/paper/2020/hash/a851bd0d418b13310dd1e5e3ac7318ab-Abstract.html,11
126,726," Sarhan, N Navab, A Eslami…",Fairness by learning orthogonal disentangled representations,32,2020, Springer, European Conference on …,https://link.springer.com/chapter/10.1007/978-3-030-58526-6_44,11
128,824," Cheng, E Montagnon, R Yamashita, I Pan…",Deep learning: an update for radiologists,19,2021, academia.edu, Radiographics,https://www.academia.edu/download/69641363/rg.pdf,10
129,506,"Fernando, S Denman, S Sridharan…",Gd-gan: Generative adversarial networks for trajectory prediction and group detection in crowds,51,2018, Springer, Asian conference on …,https://link.springer.com/chapter/10.1007/978-3-030-20887-5_20,10
131,3,"Marani, A Jamali, ML Nehdi",Predicting ultra-high-performance concrete compressive strength using tabular generative adversarial networks,30,2020, mdpi.com, Materials,https://www.mdpi.com/868422,10
133,495,"Le, S Wang, D Lee",GRACE: Generating Concise and Informative Contrastive Sample to Explain Neural Network Model's Prediction,30,2020, dl.acm.org, … Conference on Knowledge Discovery & Data …,https://dl.acm.org/doi/abs/10.1145/3394486.3403066,10
134,5,"Cartella, O Anunciacao, Y Funabiki…",Adversarial attacks for tabular data: Application to fraud detection and imbalanced data,19,2021, arxiv.org, arXiv preprint arXiv …,https://arxiv.org/abs/2101.08030,10
135,322," Chaabene, ML Nehdi",Genetic programming based symbolic regression for shear capacity prediction of SFRC beams,20,2021, Elsevier, Construction and Building Materials,https://www.sciencedirect.com/science/article/pii/S095006182100283X,10
136,560,"Zhang, VM Patel, BS Riggan…",Generative adversarial network-based synthesis of visible faces from polarimetrie thermal faces,59,2017, ieeexplore.ieee.org, 2017 IEEE International …,https://ieeexplore.ieee.org/abstract/document/8272687/,10
137,670," Sai, MD Gupta, MM Khapra…",Re-evaluating adem: A deeper look at scoring dialogue responses,40,2019, ojs.aaai.org, Proceedings of the AAAI …,https://ojs.aaai.org/index.php/AAAI/article/view/4581,10
139,932," Lee, JR Waite, CH Yang, BSS Pokuri…",Fast inverse design of microstructures via generative invariance networks,19,2021, nature.com, Nature Computational …,https://www.nature.com/articles/s43588-021-00045-8,10
140,747,"Malekzadeh, RG Clegg, H Haddadi",Replacement autoencoder: A privacy-preserving algorithm for sensory data analysis,59,2017, arxiv.org, arXiv preprint arXiv:1710.06564,https://arxiv.org/abs/1710.06564,10
141,26," Nicolae, M Sinn, TN Minh, A Rawat, M Wistuba…",Adversarial Robustness Toolbox v0. 2.2,51,2018, openreview.net,,https://openreview.net/forum?id=LjClBNOADBzB,10
142,709,"Uřičář, P Křížek, G Sistu…",Soilingnet: Soiling detection on automotive surround-view cameras,40,2019, ieeexplore.ieee.org, 2019 IEEE Intelligent …,https://ieeexplore.ieee.org/abstract/document/8917178/,10
143,589,"Harder, K Adamczewski…",Dp-merf: Differentially private mean embeddings with randomfeatures for practical privacy-preserving data generation,18,2021, proceedings.mlr.press, … conference on artificial …,http://proceedings.mlr.press/v130/harder21a.html,9
144,522," Liong, YS Gan, D Zheng, SM Li, HX Xu…",Evaluation of the spatio-temporal features and gan for micro-expression recognition system,27,2020, Springer, Journal of Signal …,https://link.springer.com/article/10.1007/s11265-020-01523-4,9
145,404,"Pan, W Yu, B Wang, H Xie, VS Sheng…",Loss functions of generative adversarial networks (GANs): opportunities and challenges,28,2020, ieeexplore.ieee.org, … on Emerging Topics …,https://ieeexplore.ieee.org/abstract/document/9098081/,9
147,815,"Mishra, A Pandey, HA Murthy",Zero-shot learning for action recognition using synthesized features,26,2020, Elsevier, Neurocomputing,https://www.sciencedirect.com/science/article/pii/S0925231220301302,9
148,117,"Huang, D Ramanan",Expecting the unexpected: Training detectors for unusual pedestrians with adversarial imposters,55,2017, openaccess.thecvf.com, Proceedings of the IEEE …,http://openaccess.thecvf.com/content_cvpr_2017/html/Huang_Expecting_the_Unexpected_CVPR_2017_paper.html,9
149,109,"Bissoto, E Valle, S Avila",Gan-based data augmentation and anonymization for skin-lesion analysis: A critical review,18,2021, openaccess.thecvf.com, … of the IEEE/CVF Conference on …,https://openaccess.thecvf.com/content/CVPR2021W/ISIC/html/Bissoto_GAN-Based_Data_Augmentation_and_Anonymization_for_Skin-Lesion_Analysis_A_Critical_CVPRW_2021_paper.html,9
150,280," Rakin, J Yi, B Gong, D Fan",Defend deep neural networks against adversarial examples via fixed and dynamic quantized activation functions,46,2018, arxiv.org, arXiv preprint arXiv:1807.06714,https://arxiv.org/abs/1807.06714,9
151,93,"Fakoor, JW Mueller, N Erickson…","Fast, accurate, and simple models for tabular data via augmented distillation",26,2020, proceedings.neurips.cc, Advances in …,https://proceedings.neurips.cc/paper/2020/hash/62d75fb2e3075506e8837d8f55021ab1-Abstract.html,9
152,931,"Geng, A Alkhachroum, MAM Bicchi…",Deep learning for robust detection of interictal epileptiform discharges,18,2021, iopscience.iop.org, Journal of neural …,https://iopscience.iop.org/article/10.1088/1741-2552/abf28e/meta,9
155,493,"Chen, C Xiang, M Xue, B Li, N Borisov…",Differentially private data generative models,41,2018, arxiv.org, arXiv preprint arXiv …,https://arxiv.org/abs/1812.02274,8
156,525,"Fernandes, S Raj, R Ewetz…",Detecting deepfake videos using attribution-based confidence metric,24,2020, openaccess.thecvf.com, Proceedings of the …,http://openaccess.thecvf.com/content_CVPRW_2020/html/w19/Fernandes_Detecting_Deepfake_Videos_Using_Attribution-Based_Confidence_Metric_CVPRW_2020_paper.html,8
158,941,"Wu, B Fang, J Wang, Q Liu…",Evading machine learning botnet detection models via deep reinforcement learning,34,2019, ieeexplore.ieee.org,2019 IEEE …,https://ieeexplore.ieee.org/abstract/document/8761337/,8
160,328,"Jin, F Tan, S Jiang",Generative adversarial network technologies and applications in computer vision,23,2020, hindawi.com, Computational Intelligence and Neuroscience,https://www.hindawi.com/journals/cin/2020/1459107/,8
163,243,"Hartl, M Bachl, J Fabini…",Explainability and adversarial robustness for rnns,24,2020, ieeexplore.ieee.org, … Conference on Big Data …,https://ieeexplore.ieee.org/abstract/document/9179605/,8
164,18,"Bourou, A El Saer, TH Velivassaki, A Voulkidis…",A review of tabular data synthesis using gans on an ids dataset,17,2021, mdpi.com, Information,https://www.mdpi.com/2078-2489/12/9/375,8
167,559,"Pang, L Cao, C Aggarwal","Deep learning for anomaly detection: Challenges, methods, and opportunities",15,2021, dl.acm.org, … Conference on Web Search and Data …,https://dl.acm.org/doi/abs/10.1145/3437963.3441659,8
171,29,Fan,A survey of differentially private generative adversarial networks,23,2020, webpages.uncc.edu,Preserving Artificial …,https://webpages.uncc.edu/lfan4/pdf/PPAI20.pdf,8
172,61,"Chalasani, J Chen, AR Chowdhury…",Concise explanations of neural networks using adversarial training,25,2020, proceedings.mlr.press, International …,http://proceedings.mlr.press/v119/chalasani20a.html,8
173,534,"Meden, Ž Emeršič, V Štruc, P Peer",k-Same-Net: k-Anonymity with Generative Deep Neural Networks for Face Deidentification,39,2018, mdpi.com, Entropy,https://www.mdpi.com/253602,8
174,553,"Siddani, S Balachandar, WC Moore, Y Yang…",Machine learning for physics-informed generation of dispersed multiphase flow using generative adversarial networks,16,2021, Springer, … and Computational Fluid …,https://link.springer.com/article/10.1007/s00162-021-00593-9,8
176,602,"Abukmeil, S Ferrari, A Genovese, V Piuri…",A survey of unsupervised generative models for exploratory data analysis and representation learning,15,2021, dl.acm.org, Acm computing surveys …,https://dl.acm.org/doi/abs/10.1145/3450963,8
177,763,"Li, Z Wang, S Liu, WY Lin",Deep unsupervised anomaly detection,14,2021, openaccess.thecvf.com, Proceedings of the IEEE/CVF …,http://openaccess.thecvf.com/content/WACV2021/html/Li_Deep_Unsupervised_Anomaly_Detection_WACV_2021_paper.html,7
181,14,Xu,Synthesizing tabular data using conditional GAN,20,2020, dspace.mit.edu,,https://dspace.mit.edu/handle/1721.1/128349,7
182,755," Huang, TH Lee, L Chang, JR Lin…",Adversarial attacks on SDN-based deep learning IDS system,33,2018, Springer, … Conference on Mobile and …,https://link.springer.com/chapter/10.1007/978-981-13-1059-1_17,7
183,594," Richardson, W Wu, L Lin, B Xu…",Mcflow: Monte carlo flow models for data imputation,22,2020, openaccess.thecvf.com, Proceedings of the …,http://openaccess.thecvf.com/content_CVPR_2020/html/Richardson_McFlow_Monte_Carlo_Flow_Models_for_Data_Imputation_CVPR_2020_paper.html,7
184,745,"Ju, D Lee, J Hwang, J Namkung, H Yu",PUMAD: PU metric learning for anomaly detection,21,2020, Elsevier, Information Sciences,https://www.sciencedirect.com/science/article/pii/S0020025520302012,7
185,528,"Kamthe, S Assefa, M Deisenroth",Copula Flows for Synthetic Data Generation,14,2021, arxiv.org, arXiv preprint arXiv:2101.00598,https://arxiv.org/abs/2101.00598,7
186,574,"Li, C Wang, J Tan, X Zeng, D Ou, D Ou…",Adversarial multimodal representation learning for click-through rate prediction,21,2020, dl.acm.org, Proceedings of The Web …,https://dl.acm.org/doi/abs/10.1145/3366423.3380163,7
187,634," Iranmanesh, B Riggan, S Hu…",Coupled generative adversarial network for heterogeneous face recognition,20,2020, Elsevier, Image and Vision …,https://www.sciencedirect.com/science/article/pii/S0262885619304548,7
188,128,"Fan, T Liu, G Li, J Chen, Y Shen, X Du",Relational data synthesis using generative adversarial networks: A design space exploration,22,2020, arxiv.org, arXiv preprint arXiv:2008.12763,https://arxiv.org/abs/2008.12763,7
189,909," Riegler, MH Stensen, O Witczak…","Artificial intelligence in the fertility clinic: status, pitfalls and possibilities",14,2021, academic.oup.com, Human …,https://academic.oup.com/humrep/article-abstract/36/9/2429/6330662,7
190,540,"Pal, Y Gupta, A Shukla, A Kanade, S Shevade…",A framework for the extraction of deep neural networks by leveraging public data,28,2019, arxiv.org, arXiv preprint arXiv …,https://arxiv.org/abs/1905.09165,7
191,40,"Koivu, M Sairanen, A Airola…",Synthetic minority oversampling of vital statistics data with generative adversarial networks,22,2020, academic.oup.com, Journal of the American …,https://academic.oup.com/jamia/article-abstract/27/11/1667/5901450,7
192,331,"Moore, N Hammerla, C Watkins",Explaining deep learning models with constrained adversarial examples,27,2019, Springer, Pacific Rim international conference on …,https://link.springer.com/chapter/10.1007/978-3-030-29908-8_4,7
193,314," Cheung, DY Yeung",Modals: Modality-agnostic automated data augmentation in the latent space,20,2020, openreview.net, International Conference on Learning …,https://openreview.net/forum?id=XjYgR6gbCEc,7
197,240,"Dharanya, ANJ Raj, VP Gopi",Facial Expression Recognition through person-wise regeneration of expressions using Auxiliary Classifier Generative Adversarial Network (AC-GAN) based …,11,2021, Elsevier, Journal of Visual Communication and …,https://www.sciencedirect.com/science/article/pii/S1047320321000675,6
198,242,"Ruan, B Gao, S Wu, WL Woo",DeftectNet: Joint loss structured deep adversarial network for thermography defect detecting system,17,2020, Elsevier, Neurocomputing,https://www.sciencedirect.com/science/article/pii/S0925231220312637,6
199,215,"Tian, M Wang, F Yuan, N Dai, Y Sun…",Efficient computer-aided design of dental inlay restoration: a deep adversarial framework,12,2021, ieeexplore.ieee.org, IEEE Transactions on …,https://ieeexplore.ieee.org/abstract/document/9422832/,6
200,279,"Sha, OM Camburu, T Lukasiewicz",Learning from the Best: Rationalizing Predictions by Adversarial Information Calibration.,13,2021, aaai.org, AAAI,https://www.aaai.org/AAAI21Papers/AAAI-3507.ShaL.pdf,6
202,304,"Long, B Wang, Z Yang, B Kailkhura…",G-PATE: Scalable Differentially Private Data Generator via Private Aggregation of Teacher Discriminators,11,2021, proceedings.neurips.cc, Advances in …,https://proceedings.neurips.cc/paper/2021/hash/171ae1bbb81475eb96287dd78565b38b-Abstract.html,6
203,410,"Qin, Y Wu, JT Springenberg…",Training generative adversarial networks by solving ordinary differential equations,19,2020, proceedings.neurips.cc, Advances in …,https://proceedings.neurips.cc/paper/2020/hash/3c8f9a173f749710d6377d3150cf90da-Abstract.html,6
204,21,"Nemirovsky, N Thiebaut, Y Xu, A Gupta",Countergan: generating realistic counterfactuals with residual generative adversarial nets,17,2020, arxiv.org, arXiv preprint arXiv …,https://arxiv.org/abs/2009.05199,6
206,497," Verma, G White, S Julier, S Pasteris…",Approaches to address the data skew problem in federated learning,22,2019, spiedigitallibrary.org, … Learning for Multi …,https://www.spiedigitallibrary.org/conference-proceedings-of-spie/11006/110061I/Approaches-to-address-the-data-skew-problem-in-federated-learning/10.1117/12.2519621.short,6
207,133,"Li, Y Liu, Q Yan, K Zhang",Deep dehazing network with latent ensembling architecture and adversarial learning,17,2020, ieeexplore.ieee.org, IEEE Transactions on Image …,https://ieeexplore.ieee.org/abstract/document/9298479/,6
208,136,"Li, H Zhao, J Shi, Y Huang, J Xiong",An intelligent fuzzing data generation method based on deep adversarial learning,23,2019, ieeexplore.ieee.org, IEEE Access,https://ieeexplore.ieee.org/abstract/document/8691434/,6
209,116,"Hashemi, A Fathi",Permuteattack: Counterfactual explanation of machine learning credit scorecards,17,2020, arxiv.org, arXiv preprint arXiv:2008.10138,https://arxiv.org/abs/2008.10138,6
210,139,"Eckerli, J Osterrieder",Generative Adversarial Networks in finance: an overview,12,2021, arxiv.org, arXiv preprint arXiv:2106.06364,https://arxiv.org/abs/2106.06364,6
213,41,"Kim, J Jeon, J Lee, J Hyeong, N Park",Oct-gan: Neural ode-based conditional tabular gans,13,2021, dl.acm.org, Proceedings of the Web …,https://dl.acm.org/doi/abs/10.1145/3442381.3449999,6
214,561,"Di, H Zhang, VM Patel",Polarimetric thermal to visible face verification via attribute preserved synthesis,30,2018, ieeexplore.ieee.org, 2018 IEEE 9th International …,https://ieeexplore.ieee.org/abstract/document/8698554/,6
215,42,"Waheed, M Anas, SU Hassan, NR Aljohani…",Balancing sequential data to predict students at-risk using adversarial networks,11,2021, Elsevier, Computers & Electrical …,https://www.sciencedirect.com/science/article/pii/S0045790621002573,6
216,518,Heaton,Applications of deep neural networks,18,2020, arxiv.org, arXiv preprint arXiv:2009.05673,https://arxiv.org/abs/2009.05673,6
217,881,"Ragonesi, R Volpi, J Cavazza…",Learning unbiased representations via mutual information backpropagation,12,2021, openaccess.thecvf.com, Proceedings of the …,https://openaccess.thecvf.com/content/CVPR2021W/LLID/html/Ragonesi_Learning_Unbiased_Representations_via_Mutual_Information_Backpropagation_CVPRW_2021_paper.html,6
218,870,"Neunhoeffer, ZS Wu, C Dwork",Private post-GAN boosting,18,2020, arxiv.org, arXiv preprint arXiv:2007.11934,https://arxiv.org/abs/2007.11934,6
219,778,"Luo, CY Wei, CW Lee",Policy optimization in adversarial mdps: Improved exploration via dilated bonuses,11,2021, proceedings.neurips.cc, Advances in Neural Information …,https://proceedings.neurips.cc/paper/2021/hash/c1b8bf9e071c0dabb899e7a27f353762-Abstract.html,6
220,478," Almustafa, ML Nehdi",Machine learning prediction of structural response for FRP retrofitted RC slabs subjected to blast loading,13,2021, Elsevier, Engineering Structures,https://www.sciencedirect.com/science/article/pii/S0141029621009020,6
222,860,"Wang, C Roberts, G Vidal, S Leichenauer",Anomaly detection with tensor networks,19,2020, arxiv.org, arXiv preprint arXiv …,https://arxiv.org/abs/2006.02516,6
223,435,"Zhu, K Mei, T Peng, Y Luo, J Liu, Y Wang, M Jin",Multi-level colonoscopy malignant tissue detection with adversarial CAC-UNet,11,2021, Elsevier, Neurocomputing,https://www.sciencedirect.com/science/article/pii/S0925231221001089,6
224,949,"Govind, KY Jen, K Matsukuma, G Gao, KA Olson…",Improving the accuracy of gastrointestinal neuroendocrine tumor grading with deep learning,17,2020, nature.com, Scientific reports,https://www.nature.com/articles/s41598-020-67880-z,6
225,424,"Qi, Y Wang, A Li, J Luo",STC-GAN: Spatio-temporally coupled generative adversarial networks for predictive scene parsing,18,2020, ieeexplore.ieee.org, IEEE Transactions on Image …,https://ieeexplore.ieee.org/abstract/document/9052709/,6
226,846,"S Kumar, DO Brien, K Albert, S Viljöen…",Failure modes in machine learning systems,23,2019, arxiv.org, arXiv preprint arXiv …,https://arxiv.org/abs/1911.11034,6
227,632,"Yedla, FD Kakhki, A Jannesari",Predictive modeling for occupational safety outcomes and days away from work analysis in mining operations,18,2020, mdpi.com, International journal of environmental …,https://www.mdpi.com/840526,6
229,779,"Lat, CV Jawahar",Enhancing OCR accuracy with super resolution,23,2018, ieeexplore.ieee.org, 2018 24th International Conference on …,https://ieeexplore.ieee.org/abstract/document/8545609/,5
231,797,"Pambala, T Dutta, S Biswas",Generative model with semantic embedding and integrated classifier for generalized zero-shot learning,15,2020, openaccess.thecvf.com, Proceedings of the IEEE …,http://openaccess.thecvf.com/content_WACV_2020/html/Pambala_Generative_Model_with_Semantic_Embedding_and_Integrated_Classifier_for_Generalized_WACV_2020_paper.html,5
232,414,"Kumar, A Singh",Nutcracker at wnut-2020 task 2: Robustly identifying informative covid-19 tweets using ensembling and adversarial training,15,2020, arxiv.org, arXiv preprint arXiv:2010.04335,https://arxiv.org/abs/2010.04335,5
237,513," Pereira, MS Santos, PP Rodrigues…","Reviewing autoencoders for missing data imputation: Technical trends, applications and outcomes",16,2020, jair.org, Journal of Artificial …,https://www.jair.org/index.php/jair/article/view/12312,5
238,343,"Toutouh, E Hemberg, UM O'Reilly",Data dieting in GAN training,16,2020, Springer, Deep Neural Evolution,https://link.springer.com/chapter/10.1007/978-981-15-3685-4_14,5
241,458,"Saralajew, L Holdijk…",Fast adversarial robustness certification of nearest prototype classifiers for arbitrary seminorms,15,2020, proceedings.neurips.cc, Advances in Neural …,https://proceedings.neurips.cc/paper/2020/hash/9da187a7a191431db943a9a5a6fec6f4-Abstract.html,5
243,401,"Suwannalai, C Polprasert",Network intrusion detection systems using adversarial reinforcement learning with deep Q-network,15,2020, ieeexplore.ieee.org, 2020 18th International …,https://ieeexplore.ieee.org/abstract/document/9289884/,5
244,421,"Uther, M Veloso",Adversarial reinforcement learning,137,1997, cin.ufpe.br,,https://www.cin.ufpe.br/~cavmj/CMU-CS-03-107.pdf,5
246,980,"McCormack, A Lomas",Understanding aesthetic evaluation using deep learning,16,2020, Springer, … on Computational Intelligence in Music  Sound …,https://link.springer.com/chapter/10.1007/978-3-030-43859-3_9,5
247,27,"Moon, S Jung, S Park, E Hwang",Conditional tabular GAN-based two-stage data generation scheme for short-term load forecasting,15,2020, ieeexplore.ieee.org, IEEE Access,https://ieeexplore.ieee.org/abstract/document/9253644/,5
253,163,"Rosenblatt, X Liu, S Pouyanfar, E de Leon…",Differentially private synthetic data: Applied evaluations and enhancements,16,2020, arxiv.org, arXiv preprint arXiv …,https://arxiv.org/abs/2011.05537,5
254,220,"Quintana, S Schiavon, KW Tham…","Balancing thermal comfort datasets: We GAN, but should we?",16,2020, dl.acm.org, Proceedings of the 7th …,https://dl.acm.org/doi/abs/10.1145/3408308.3427612,5
257,114,"Tang, B Fan, G Xu, L Xiao, S Tian, S Luo…",A new tool for searching sweet spots by using gradient boosting decision trees and generative adversarial networks,12,2020, onepetro.org, International Petroleum …,https://onepetro.org/IPTCONF/proceedings-abstract/20IPTC/3-20IPTC/D033S098R001/154637,4
258,153,"Hong, X Li, Y Pan, I Tsang",Domain-adversarial network alignment,12,2020, ieeexplore.ieee.org, … on Knowledge and Data …,https://ieeexplore.ieee.org/abstract/document/9195006/,4
260,294,"Lotfollahi, M Naghipourfar, FJ Theis…",Conditional out-of-sample generation for unpaired data using trVAE,16,2019, arxiv.org, arXiv preprint arXiv …,https://arxiv.org/abs/1910.01791,4
265,871,"Qian, A Mohamed, C Claudel",Physics informed data driven model for flood prediction: Application of deep learning in prediction of urban flood development,16,2019, arxiv.org, arXiv preprint arXiv:1908.10312,https://arxiv.org/abs/1908.10312,4
267,368,"R Veeravasarapu, C Rothkopf…",Adversarially tuned scene generation,24,2017, openaccess.thecvf.com, Proceedings of the …,http://openaccess.thecvf.com/content_cvpr_2017/html/Veeravasarapu_Adversarially_Tuned_Scene_CVPR_2017_paper.html,4
271,461,"Yahya, M Hassan, S Younis, M Shafique",Probabilistic analysis of targeted attacks using transform-domain adversarial examples,11,2020, ieeexplore.ieee.org, IEEE Access,https://ieeexplore.ieee.org/abstract/document/9000814/,4
274,16," Cote, B Hartman, O Mercier, J Meyers…",Synthesizing property & casualty ratemaking datasets using generative adversarial networks,11,2020, arxiv.org, arXiv preprint arXiv …,https://arxiv.org/abs/2008.06110,4
275,225,"Rashidian, F Wang, R Moffitt, V Garcia, A Dutt…",SMOOTH-GAN: towards sharp and smooth synthetic EHR data generation,12,2020, Springer, … Conference on Artificial …,https://link.springer.com/chapter/10.1007/978-3-030-59137-3_4,4
277,484,"Wang, J Li, G Song",Dtdn: Dual-task de-raining network,16,2019, dl.acm.org, Proceedings of the 27th ACM international …,https://dl.acm.org/doi/abs/10.1145/3343031.3350945,4
279,668,"Li, L Gao, Z Tang, Q Yan…",A GAN-based feature generator for table detection,14,2019, ieeexplore.ieee.org, … Conference on Document …,https://ieeexplore.ieee.org/abstract/document/8978037/,4
280,52,"Grari, B Ruf, S Lamprier, M Detyniecki",Achieving fairness with decision trees: An adversarial approach,11,2020, Springer, Data Science and Engineering,https://link.springer.com/article/10.1007/s41019-020-00124-2,4
281,30,"Grari, B Ruf, S Lamprier…",Fair adversarial gradient tree boosting,17,2019, ieeexplore.ieee.org, … Conference on Data …,https://ieeexplore.ieee.org/abstract/document/8970941/,4
283,480, LaFree,Adversarial and nonadversarial justice: A comparison of guilty pleas and trials,153,1985, Wiley Online Library, Criminology,https://onlinelibrary.wiley.com/doi/abs/10.1111/j.1745-9125.1985.tb00338.x,4
284,879,Dan,Adversarial attacks on probabilistic autoregressive forecasting models,13,2020, proceedings.mlr.press, … on Machine Learning,https://proceedings.mlr.press/v119/dang-nhu20a.html,4
286,818,"Beigi, H Liu",""" Identifying novel privacy issues of online users on social media platforms"" by Ghazaleh Beigi and Huan Liu with Martin Vesely as coordinator",14,2019, dl.acm.org, ACM SIGWEB Newsletter,https://dl.acm.org/doi/abs/10.1145/3293874.3293878,4
289,244,"Sharmanska, LA Hendricks, T Darrell…",Contrastive examples for addressing the tyranny of the majority,12,2020, arxiv.org, arXiv preprint arXiv …,https://arxiv.org/abs/2004.06524,4
294,516,"Talreja, F Taherkhani, MC Valenti…",Attribute-guided coupled gan for cross-resolution face recognition,18,2019, ieeexplore.ieee.org, 2019 IEEE 10th …,https://ieeexplore.ieee.org/abstract/document/9186009/,4
300,45,"Hughes, S Bothe, H Farooq…",Generative adversarial learning for machine learning empowered self organizing 5G networks,18,2019, ieeexplore.ieee.org, … conference on computing …,https://ieeexplore.ieee.org/abstract/document/8685527/,4
302,201,"Balasubramanian, V Sowmya…",Analysis of adversarial based augmentation for diabetic retinopathy disease grading,11,2020, ieeexplore.ieee.org, 2020 11th …,https://ieeexplore.ieee.org/abstract/document/9225684/,4
308,777," Mekala, GE Magnusson, A Porter…",Metamorphic detection of adversarial examples in deep learning models with affine transformations,15,2019, ieeexplore.ieee.org, 2019 IEEE/ACM 4th …,https://ieeexplore.ieee.org/abstract/document/8785595/,4
311,6,"Mathov, E Levy, Z Katzir, A Shabtai…",Not all datasets are born equal: On heterogeneous data and adversarial examples,13,2020, arxiv.org, arXiv preprint arXiv …,https://arxiv.org/abs/2010.03180,4
313,209,"Kachuee, K Karkkainen, O Goldstein…",Generative imputation and stochastic prediction,11,2020, ieeexplore.ieee.org, … on Pattern Analysis …,https://ieeexplore.ieee.org/abstract/document/9187694/,4
324,338,"Qiu, T Misu, C Busso",Driving anomaly detection with conditional generative adversarial network using physiological and can-bus data,12,2019, dl.acm.org, 2019 International Conference on Multimodal …,https://dl.acm.org/doi/abs/10.1145/3340555.3353749,3
331,51,Kuo,Generative synthesis of insurance datasets,12,2019, arxiv.org, arXiv preprint arXiv:1912.02423,https://arxiv.org/abs/1912.02423,3
339,541,"Qian, XY Li, T Jung, Y Fan, Y Wang…","Social network de-anonymization: More adversarial knowledge, more users re-identified?",12,2019, dl.acm.org, ACM Transactions on …,https://dl.acm.org/doi/abs/10.1145/3310363,3
342,955,"Lu, C Wang, Y Xiong, H Xia…",Personalized Privacy‐Preserving Trajectory Data Publishing,17,2017, Wiley Online Library, Chinese Journal of …,https://ietresearch.onlinelibrary.wiley.com/doi/abs/10.1049/cje.2017.01.024,3
345,948,"Gagana, HAU Athri…",Activation function optimizations for capsule networks,15,2018, ieeexplore.ieee.org, … Conference on Advances …,https://ieeexplore.ieee.org/abstract/document/8554604/,3
353,826,"Zhang, VM Patel, BS Riggan, S Hu",Generative adversarial network-based synthesis of visible faces from polarimetric thermal faces,19,2017, arxiv.org, arXiv preprint arXiv:1708.02681,https://arxiv.org/abs/1708.02681,3
355,330,"Le Vine, M Zeigenfuse…",Extracting tables from documents using conditional generative adversarial networks and genetic algorithms,11,2019, ieeexplore.ieee.org, 2019 International Joint …,https://ieeexplore.ieee.org/abstract/document/8851886/,3
400,866," Bhat, V Viswanath, X Li",DeepCancer: detecting cancer through gene expressions via deep generative learning,14,2016, arxiv.org, arXiv preprint arXiv:1612.03211,https://arxiv.org/abs/1612.03211,2
408,447,"Doan, B Mazoure, C Lyle",Gan q-learning,12,2018, arxiv.org, arXiv preprint arXiv:1805.04874,https://arxiv.org/abs/1805.04874,2
457,10,"Liu, N Fusi, L Mackey",Teacher-student compression with generative adversarial networks,11,2018, arxiv.org, arXiv preprint arXiv:1812.02271,https://arxiv.org/abs/1812.02271,2
482,704,"Banerjee, S Das",LR-GAN for degraded face recognition,12,2018, Elsevier, Pattern Recognition Letters,https://www.sciencedirect.com/science/article/pii/S0167865518308638,2
635,94,"Chen, S Jajodia, J Liu, N Park, V Sokolov…",FakeTables: Using GANs to Generate Functional Dependency Preserving Tables with Bounded Real Data.,19,0,chen.github.io,,https://haipeng-chen.github.io/files/19ijcai-FakeTables.pdf,0
904,119,"Elderman, LJJ Pater, AS Thie, MM Drugan…",Could not catch title,53,0," ICAART (2), 2017",R Elderman  LJJ Pater  AS Thie,"Look manually at: https://scholar.google.com/scholar?start=110&q=(gan+OR+adversarial+OR+(generative+and+adversarial+and+net*))+AND+('tabular+data'+OR+'table+data')&hl=en&as_sdt=0,5",0
